ID;Provenance;Exigence / critere;Composant;Preuve disponible;Statut;Action ou reserve
REQ-01;PDF source;Deux API REST Java/Spring Boot pour authorization et ressource;authorization-server + resource-server;POM reactor, README, OpenAPI, diagrammes, tests HTTP;REALISE;Conserver les deux services deployables separement
REQ-02;PDF source;L'Authorization Server emet un JWT signe sur POST avec un sujet;authorization-server;Collection Postman 04, test d'endpoint et tests Java;REALISE AVEC RESERVE;Le grant de demonstration utilise un sujet fourni par le client et ne l'authentifie pas; le desactiver hors simulation isolee
REQ-03;PDF source;Le Resource Server protege HelloWorld et valide les JWT;resource-server;Collection Postman 06-08, tests de controleur et tests interservices;REALISE;Conserver les cas 200, 401 et la validation issuer/audience/expiration/scope
REQ-04;PDF source;Le Resource Server accepte aussi un JWT signe avec une nouvelle cle, sans exiger une rotation complete cote Authorization Server;resource-server;Aucune preuve de bout en bout cote Resource Server; le test AdditionalSigningKey concerne le decodeur source-token de l'Authorization Server;OUVERT - BLOQUANT POUR ACCEPTATION COMPLETE;Ajouter un chemin/configuration de cle de validation au Resource Server et un test de contrat HTTP avec cle distincte et kid connu
REQ-05;PDF source;Demonstration End-to-End via Postman ou outil equivalent;Postman + deux services;Collection v2.1, 10 captures de requetes et trois rapports JUnit historiques;REALISE SUR SIMULATION LOCALE HISTORIQUE;Rejouer la collection sur un environnement convenu avant toute remise finale
REQ-06;PDF source;Lisibilite, testabilite, architecture et capacite d'explication;depot complet;README, cahier des charges, architecture, modeles, suite Maven et dossier de remise;PARTIELLEMENT REALISE;Completer les decisions d'acceptation, la preuve de la nouvelle cle RS et la revue de livraison
REQ-07;PDF source;README avec instructions de construction, execution et test si necessaire;depot complet;README racine et README des modules;REALISE;Verifier les commandes dans l'environnement du destinataire
REQ-08;Complement de livraison;Gestion durable du client et des cles de signature;Authorization Server;Le code/documentation identifie un stockage en memoire;NON INCLUS - HORS PERIMETRE DU DEFI;A definir avant usage partage ou production
REQ-09;Complement de livraison;Securisation de l'environnement, secrets, TLS, supervision et sauvegarde;deploiement;Dossier de deploiement de demonstration et risques;NON CERTIFIE POUR PRODUCTION;Faire une conception d'exploitation et une revue securite approuvees
